Timestamp,TrajectoryName,Notes
2026-01-16 17:21:17,ashutosh,Recorded via Flask
2026-01-16 17:36:33,babras,Recorded via Flask
2026-02-02 11:52:41,2FebHip_KneeFlexion4,Recorded via Flask
2026-02-02 12:04:07,2Feb_SLR,Recorded via Flask
2026-02-03 17:28:41,3FebSnehaTRial1,Recorded via Flask
2026-02-03 17:34:16,3feb_sneha_heelSlide,Recorded via Flask
2026-02-03 17:50:44,3Feb_PnF_trial1,Recorded via Flask
2026-02-03 17:59:02,3feb_cycling,Recorded via Flask
2026-02-03 17:59:28,3feb_cycling2,Recorded via Flask
2026-02-03 18:00:57,3feb_cycling2,Recorded via Flask
2026-02-10 11:47:29,10-feb-trial1,Recorded via Flask
2026-02-10 12:00:09,10feb-trial2,Recorded via Flask
2026-02-10 12:13:34,10Feb_trial3,Recorded via Flask
2026-02-10 12:20:00,10feb_trial4,Recorded via Flask
2026-02-10 12:27:17,10febtrial5,Recorded via Flask
