Timestamp,T1,T2,T3,T4,T5,T6,1JS,2JS,3JS,4JS,5JS,6JS,Sx,Sy,Sz,Ax,Ay,Az,Collision_Detected
2025-03-27 17:52:30,36.0,-233.0,-284.0,-8.64,-2.88,4.16,7.02689897895965,-0.0217551051978404,0.021755105198018,-0.0217551051974851,-0.0217551051974851,0.0,163.8813018798828,3.99169921875,0.286865234375,0.0213623046875,-0.0100612640380859,7.00531005859375,False
2025-03-27 17:52:30,32.0,-236.0,-283.0,-8.64,-2.56,4.16,6.896368347771897,-0.0217551051978404,0.0,-0.0217551051974851,0.0217551051974851,0.0,160.86387634277344,5.96923828125,0.5615234375,0.04425048828125,0.0040531158447265,6.91375732421875,False
2025-03-27 17:52:30,31.0,-235.0,-283.0,-8.64,-2.88,4.16,6.98338876856468,0.0,0.021755105198018,-0.0217551051974851,-0.0217551051974851,-0.021755105198018,162.7056121826172,7.7392578125,-0.2197265625,-0.00152587890625,-0.028228759765625,6.97021484375,False
2025-03-27 17:52:30,35.0,-233.0,-282.0,-8.64,-2.56,4.16,6.961633663365774,0.0,0.0,0.0,0.0217551051974851,0.0,162.17498779296875,9.77783203125,0.0,0.000762939453125,0.0080585479736328,6.982421875,False
2025-03-27 17:52:30,35.0,-234.0,-281.0,-8.64,-2.88,4.48,6.722327506187753,0.0,-0.043510210396036,0.0,0.0,0.0,156.44378662109375,11.46240234375,0.537109375,0.043487548828125,-0.0040054321289062,6.71844482421875,False
2025-03-27 17:52:30,22.0,-240.0,-278.0,-8.64,-2.56,4.48,6.6570621905938765,-0.0217551051981956,-0.021755105198018,0.0,0.0,0.0,154.78668212890625,13.3056640625,0.775146484375,0.043487548828125,-0.0040054321289062,6.65435791015625,False
2025-03-27 17:52:30,24.0,-230.0,-271.0,-8.64,-2.88,4.48,6.221960086632805,0.0,0.021755105198018,0.0,0.0,0.021755105198018,144.51141357421875,13.720703125,-0.2685546875,-0.020599365234375,0.0221729278564453,6.2164306640625,False
2025-03-27 17:52:30,19.0,-230.0,-267.0,-8.64,-2.88,4.48,5.76510287747567,0.0,0.0,0.0,0.0,0.0,133.76617431640625,14.1357421875,0.0,0.0,0.0,5.76629638671875,False
2025-03-27 17:52:30,32.0,-231.0,-263.0,-8.64,-2.56,4.48,5.047184405941607,0.0,0.0,0.0,0.0,-0.021755105198018,116.9921875,13.43994140625,0.0,-0.000762939453125,-0.0202178955078125,5.05523681640625,False
2025-03-27 17:52:31,40.0,-232.0,-259.0,-8.64,-2.56,4.48,3.9594291460403497,0.0,0.0,0.0,0.0,0.0,91.69158935546876,11.279296875,0.0,0.0,0.0,3.95965576171875,False
2025-03-27 17:52:31,22.0,-227.0,-255.0,-8.64,-2.56,4.8,3.3067759900987426,-0.043510210396036,0.0,0.0217551051974851,-0.0217551051974851,0.0,76.46942138671875,10.302734375,0.9521484375,0.0213623046875,-0.0100612640380859,3.28369140625,False
2025-03-27 17:52:31,33.0,-226.0,-244.0,-8.64,-2.24,4.48,2.5453473081682887,-0.0217551051981956,0.0652653155940541,0.0217551051974851,0.0,0.0,58.85009765625,7.94677734375,-0.360107421875,-0.064849853515625,0.0060081481933593,2.55126953125,False
2025-03-27 17:52:31,13.0,-221.0,-233.0,-8.64,-1.92,4.48,2.088490099009732,0.0,0.1740408415841443,0.0,0.0,0.0,48.26812744140625,6.16455078125,-2.166748046875,-0.1739501953125,0.016021728515625,2.10113525390625,False
2025-03-27 17:52:31,13.0,-215.0,-219.0,-8.64,-2.56,4.48,1.5228573638623288,-0.0217551051978404,0.4133469987625204,0.0,0.0217551051974851,-0.021755105198018,35.2386474609375,3.8330078125,-4.632568359375,-0.390625,0.0239372253417968,1.57928466796875,False
2025-03-27 17:52:31,25.0,-197.0,-212.0,-8.64,-2.24,4.48,0.8702042079207217,0.1305306311884635,0.500367419554415,0.0217551051974851,0.0,0.0,20.15838623046875,-0.0244140625,-9.3017578125,-0.652313232421875,0.0602245330810546,0.9185791015625,False
2025-03-27 17:52:31,21.0,-196.0,-201.0,-8.32,-2.56,4.48,0.3263265779708035,0.3480816831682887,0.674408261138737,0.0,0.0,0.0,7.6568603515625,-4.39453125,-16.448974609375,-1.02081298828125,0.0944137573242187,0.40130615234375,False
2025-03-27 17:52:31,16.0,-190.0,-196.0,-8.64,-2.56,4.48,0.0435102103949702,0.5438776299502734,1.0007348391091853,-0.0217551051974851,-0.0217551051974851,-0.021755105198018,1.1474609375,-8.1787109375,-25.006103515625,-1.522064208984375,0.1125335693359375,0.1434326171875,False
2025-03-27 17:52:31,12.0,-189.0,-206.0,-8.96,-2.24,4.48,0.0,0.8266939975246856,1.4575920482673863,0.0,-0.0217551051974851,-0.021755105198018,0.23193359375,-12.39013671875,-37.335205078125,-2.281951904296875,0.1835346221923828,0.15411376953125,False
2025-03-27 17:52:31,-9.0,-193.0,-218.0,-8.64,-2.56,4.8,-0.0652653155938765,1.044245049504866,2.240775835396036,0.0217551051974851,-0.0217551051974851,0.021755105198018,-1.18560791015625,-17.00439453125,-52.25830078125,-3.301239013671875,0.3196239471435547,0.14495849609375,False
2025-03-27 17:52:32,-13.0,-189.0,-201.0,-8.96,-2.24,4.48,-0.1522857363852381,1.0877552599009022,2.8934289913365774,0.0217551051974851,0.0,0.0,-3.1219482421875,-19.482421875,-61.492919921875,-3.995513916015625,0.3744125366210937,0.13580322265625,False
2025-03-27 17:52:32,-16.0,-184.0,-206.0,-9.28,-2.56,4.48,-0.1957959467816294,1.2835512066832422,3.763633199257299,0.0,0.0217551051974851,-0.021755105198018,-4.01763916015625,-23.64501953125,-76.98974609375,-5.03692626953125,0.4631996154785156,0.1922607421875,False
2025-03-27 17:52:32,-17.0,-205.0,-213.0,-8.96,-2.24,4.16,-0.261061262376927,1.5881226794554948,4.764368038366484,0.0,-0.0217551051974851,0.0,-5.5328369140625,-28.79638671875,-96.832275390625,-6.340789794921875,0.5931854248046875,0.164794921875,False
2025-03-27 17:52:32,-20.0,-201.0,-222.0,-9.28,-1.92,4.48,-0.2828163675744122,1.914449257425588,5.460531404703062,0.0217551051974851,0.0,-0.021755105198018,-5.9478759765625,-32.62939453125,-113.519287109375,-7.38067626953125,0.6871700286865234,0.23651123046875,False
2025-03-27 17:52:32,-27.0,-193.0,-226.0,-9.28,-2.24,4.16,-0.3045714727718973,2.240775835396036,6.134939665841444,0.0217551051974851,0.0,0.0,-6.43157958984375,-35.7421875,-130.010986328125,-8.377838134765625,0.8109331130981445,0.262451171875,False
2025-03-27 17:52:32,-29.0,-196.0,-209.0,-9.6,-2.24,4.48,-0.3698367883671949,2.110245204207928,5.438776299504866,0.0,0.0217551051974851,0.0,-8.04595947265625,-31.5673828125,-118.4326171875,-7.5286865234375,0.7457494735717773,0.1495361328125,False
2025-03-27 17:52:32,-30.0,-200.0,-206.0,-9.28,-2.56,4.16,-0.5438776299499182,2.4148166769801804,5.895633508663423,0.0,0.0,0.0,-12.1917724609375,-34.033203125,-131.72607421875,-8.28704833984375,0.8185386657714844,-0.00457763671875,False
2025-03-27 17:52:32,-26.0,-198.0,-212.0,-9.28,-2.56,4.8,-0.6744082611376712,2.567102413366129,5.656327351485402,-0.0217551052003273,-0.0435102103963913,0.021755105198018,-15.4327392578125,-33.41064453125,-132.5439453125,-8.179473876953125,0.8144140243530273,-0.2044677734375,False
2025-03-27 17:52:32,-28.0,-205.0,-217.0,-9.28,-2.56,4.48,-0.8266939975243304,2.6976330445545926,5.634572246287206,-0.0217551052003273,0.0,-0.021755105198018,-19.04296875,-33.14208984375,-135.662841796875,-8.2855224609375,0.8149147033691406,-0.3021240234375,False
2025-03-27 17:52:32,-28.0,-203.0,-229.0,-9.28,-2.24,4.48,-0.9572246287120834,2.3277962561881083,4.916653774752433,0.0217551052003273,0.0,0.0,-22.308349609375,-28.0517578125,-118.10302734375,-7.2418212890625,0.7354974746704102,-0.518798828125,False
2025-03-27 17:52:33,-28.0,-191.0,-219.0,-9.6,-2.24,4.8,-1.174775680692619,2.523592202970093,5.003674195544505,0.0217551052003273,0.0,0.021755105198018,-27.56500244140625,-28.84521484375,-124.08447265625,-7.5225830078125,0.7888317108154297,-0.74005126953125,False
2025-03-27 17:52:33,-28.0,-201.0,-213.0,-9.6,-2.24,4.8,-1.4793471534645164,2.58885751856468,4.6555925123762165,-0.0217551051974851,-0.0217551051974851,0.0,-34.9761962890625,-28.3447265625,-121.258544921875,-7.19757080078125,0.7309198379516602,-1.08184814453125,False
2025-03-27 17:52:33,-31.0,-206.0,-244.0,-9.6,-2.56,4.8,-1.5663675742587202,2.0014696782180152,3.4155515160893657,0.0217551051974851,0.0217551051974851,-0.021755105198018,-37.1490478515625,-22.00927734375,-91.61376953125,-5.41839599609375,0.5552291870117188,-1.2298583984375,False
2025-03-27 17:52:33,-31.0,-198.0,-210.0,-9.28,-2.56,4.8,-2.1102452042086384,2.110245204207928,2.871673886138737,0.0217551051974851,-0.0217551051974851,0.0,-50.3326416015625,-22.86376953125,-87.3291015625,-4.98504638671875,0.508427619934082,-1.85089111328125,False
2025-03-27 17:52:33,-25.0,-207.0,-234.0,-9.28,-2.24,4.8,-2.306041150990268,2.044979888613696,2.4583268873762165,0.0217551051974851,-0.0217551051974851,0.021755105198018,-55.1727294921875,-21.71630859375,-80.5419921875,-4.5074462890625,0.4791021347045898,-2.08892822265625,False
2025-03-27 17:52:33,-28.0,-208.0,-241.0,-9.28,-2.56,4.48,-2.480081992574412,1.7404084158417987,1.6316328898515309,0.0,0.0,0.021755105198018,-59.43145751953125,-18.88427734375,-62.628173828125,-3.357696533203125,0.3716230392456054,-2.31170654296875,False
2025-03-27 17:52:33,-37.0,-198.0,-218.0,-9.28,-2.24,4.48,-2.719388149752433,1.4575920482673863,1.1312654702969382,0.0,0.0217551051974851,0.0,-65.2374267578125,-16.89453125,-49.462890625,-2.576446533203125,0.2839565277099609,-2.5634765625,False
2025-03-27 17:52:33,-28.0,-200.0,-217.0,-9.28,-2.24,4.8,-2.915184096535484,1.00073483910883,0.7179184715347731,0.0217551051974851,0.0,0.0,-70.05462646484375,-13.916015625,-33.2763671875,-1.732635498046875,0.1832246780395507,-2.82440185546875,False
2025-03-27 17:52:33,-35.0,-203.0,-221.0,-9.6,-2.88,4.8,-2.828163675742701,0.9137144183167578,0.3480816831682887,0.0,0.0217551051974851,0.0,-68.00689697265625,-12.48779296875,-26.385498046875,-1.255035400390625,0.1450538635253906,-2.7435302734375,False
2025-03-27 17:52:33,-27.0,-196.0,-220.0,-9.28,-2.24,4.48,-3.198000464109896,0.8049388923268452,0.1305306311884635,0.0217551051974851,0.0217551051974851,0.0,-76.9683837890625,-12.158203125,-21.044921875,-0.9521484375,0.1130819320678711,-3.12957763671875,False
2025-03-27 17:52:34,-26.0,-214.0,-223.0,-9.28,-2.56,4.48,-3.241510674504866,0.8049388923268452,0.043510210396036,-0.0217551051974851,0.0217551051974851,-0.021755105198018,-78.10592651367188,-11.6943359375,-19.81201171875,-0.82244873046875,0.0813961029052734,-3.167724609375,False
2025-03-27 17:52:34,-27.0,-214.0,-224.0,-9.28,-2.88,4.48,-3.720122988860908,0.870204207921077,0.043510210396036,0.0,-0.0217551051989062,0.0,-89.81552124023438,-12.59765625,-21.4447021484375,-0.91094970703125,0.0844001770019531,-3.69110107421875,False
2025-03-27 17:52:34,-33.0,-205.0,-227.0,-8.96,-2.56,4.48,-3.763633199257299,0.870204207921077,0.0217551051981956,0.0,0.0,-0.021755105198018,-90.93093872070312,-12.060546875,-21.1700439453125,-0.888824462890625,0.0763177871704101,-3.704833984375,False
2025-03-27 17:52:34,-39.0,-204.0,-227.0,-8.96,-2.56,4.48,-4.155225092821979,0.8049388923268452,0.0,-0.0217551051974851,0.0,0.0,-100.47073364257812,-11.669921875,-19.27490234375,-0.77972412109375,0.0828742980957031,-4.11529541015625,False
2025-03-27 17:52:34,-44.0,-209.0,-232.0,-8.96,-2.56,4.16,-4.5903271967816295,0.4568572091585565,0.0,0.0,0.0,0.0,-110.98785400390624,-9.53369140625,-10.9771728515625,-0.455474853515625,0.048375129699707,-4.56695556640625,False
2025-03-27 17:52:34,-31.0,-211.0,-237.0,-8.96,-1.92,4.16,-4.82963335395965,0.1957959467819847,0.0217551051981956,0.0,0.0,0.021755105198018,-116.766357421875,-7.470703125,-4.986572265625,-0.215911865234375,0.0409841537475585,-4.8309326171875,False
2025-03-27 17:52:34,-34.0,-206.0,-240.0,-8.64,-2.24,4.16,-5.112449721535484,0.0652653155942317,0.0217551051978404,-0.0217551051974851,0.0217551051974851,0.021755105198018,-123.57521057128906,-6.01806640625,-1.7913818359375,-0.06256103515625,0.0370979309082031,-5.1025390625,False
2025-03-27 17:52:34,-45.0,-211.0,-244.0,-8.96,-2.24,4.48,-5.351755878712083,0.0217551051978404,-0.043510210396036,-0.0217551051974851,-0.0217551051974851,0.021755105198018,-129.4719696044922,-4.82177734375,0.091552734375,0.041961669921875,0.0010967254638671,-5.38482666015625,False
2025-03-27 17:52:34,-26.0,-212.0,-248.0,-8.64,-2.56,4.48,-5.569306930692619,0.0217551051978404,0.0217551051978404,-0.0217551051974851,0.0,0.0,-134.74044799804688,-3.72314453125,-0.74462890625,-0.0213623046875,0.0023126602172851,-5.56793212890625,False
2025-03-27 17:52:34,-18.0,-213.0,-249.0,-8.64,-2.56,4.48,-5.939143719058393,0.0,-0.0217551051981956,-0.0217551051974851,-0.0217551051989062,-0.021755105198018,-143.74618530273438,-2.3193359375,0.335693359375,0.04119873046875,-0.0347852706909179,-5.94635009765625,False
2025-03-27 17:52:35,-21.0,-214.0,-253.0,-8.64,-2.56,4.16,-6.483021349011153,0.0,-0.0217551051981956,0.0,0.0217551051974851,0.0,-156.84576034545898,-0.9033203125,0.28076171875,0.02288818359375,0.0099420547485351,-6.4666748046875,False
2025-03-27 17:52:35,-50.0,-218.0,-254.0,-8.64,-2.24,4.16,-6.047919245050082,-0.0217551051981956,-0.0217551051981956,-0.0217551051974851,-0.0217551051974851,0.0,-146.37994766235352,0.93994140625,0.860595703125,0.063323974609375,-0.0191688537597656,-6.0699462890625,False
2025-03-27 17:52:35,-41.0,-219.0,-256.0,-8.32,-2.24,3.84,-5.286490563118207,0.0,0.0217551051981956,-0.0217551051974851,0.0,0.0,-127.91576385498048,2.1484375,-0.2227783203125,0.0,0.0,-5.28564453125,False
2025-03-27 17:52:35,-49.0,-218.0,-258.0,-8.64,-2.56,4.16,-6.548286664603609,0.0,-0.043510210396036,-0.0435102103949702,0.0217551051974851,-0.021755105198018,-158.35838317871094,4.5166015625,0.677490234375,0.08697509765625,-0.0149011611938476,-6.5216064453125,False
2025-03-27 17:52:35,-33.0,-222.0,-262.0,-8.64,-2.56,4.16,-6.744082611385238,0.0,0.0217551051978404,0.0,-0.0217551051974851,0.0,-163.11721801757812,6.5673828125,-0.2838134765625,-0.02288818359375,-0.0099420547485351,-6.7596435546875,False
2025-03-27 17:52:35,-33.0,-221.0,-263.0,-8.32,-2.24,3.84,-6.570041769801094,0.0217551051981956,0.043510210396036,-0.0217551051974851,0.0,0.0,-158.80203247070312,8.16650390625,-1.025390625,-0.043487548828125,0.0046014785766601,-6.5673828125,False
2025-03-27 17:52:35,-41.0,-225.0,-267.0,-8.64,-2.56,4.16,-6.831103032178021,0.0217551051981956,0.0,0.0,0.0,-0.021755105198018,-164.99557495117188,10.48583984375,-0.5218505859375,-0.022125244140625,-0.0156402587890625,-6.817626953125,False
2025-03-27 17:52:35,-40.0,-225.0,-271.0,-8.32,-2.24,3.84,-6.722327506187753,0.043510210396036,0.0,0.0,0.0,0.0,-162.25509643554688,12.158203125,-1.043701171875,-0.043487548828125,0.0046014785766601,-6.719970703125,False
2025-03-27 17:52:35,-40.0,-230.0,-273.0,-8.32,-2.24,3.84,-6.722327506187753,0.0,-0.0217551051978404,0.0,0.0217551051974851,0.0,-162.00790405273438,14.306640625,0.28076171875,0.02288818359375,0.009918212890625,-6.7047119140625,False
2025-03-27 17:52:35,-40.0,-230.0,-278.0,-8.0,-2.88,3.84,-6.570041769801094,0.0,0.0217551051978404,-0.0217551051974851,0.0,0.0,-158.184814453125,16.015625,-0.2227783203125,0.0,0.0,-6.5704345703125,False
2025-03-27 17:52:36,-23.0,-235.0,-281.0,-8.32,-2.88,3.52,-6.20020498143532,-0.0217551051981956,0.0,0.0,0.0217551051974851,-0.021755105198018,-149.0325927734375,16.9189453125,0.52490234375,0.022125244140625,-0.0079870223999023,-6.170654296875,False
2025-03-27 17:52:36,-22.0,-236.0,-286.0,-8.0,-2.24,3.52,-5.939143719058393,0.0,0.0,-0.0435102103949702,0.0,0.0,-142.63153076171875,17.68798828125,0.115966796875,0.043487548828125,-0.0046014785766601,-5.9417724609375,False
2025-03-27 17:52:36,-22.0,-239.0,-290.0,-8.0,-2.56,3.52,-5.960898824257299,0.0,-0.0652653155938765,0.0,0.0,0.0,-142.95654296875,19.2626953125,0.84228515625,0.06561279296875,-0.0069141387939453,-5.96466064453125,False
2025-03-27 17:52:36,-23.0,-246.0,-296.0,-8.32,-2.56,3.2,-5.852123298267031,0.0,-0.0217551051981956,0.0,-0.0217551051974851,0.0,-140.19927978515625,20.2880859375,0.2777099609375,0.020599365234375,-0.0145435333251953,-5.87158203125,False
2025-03-27 17:52:36,-30.0,-249.0,-308.0,-8.32,-2.56,3.52,-5.569306930692619,-0.0217551051978404,-0.0652653155938765,-0.0217551051974851,-0.0217551051974851,0.0,-133.19244384765625,20.7275390625,1.4190673828125,0.1068115234375,-0.0237703323364257,-5.59234619140625,False
2025-03-27 17:52:36,-46.0,-255.0,-316.0,-8.0,-2.56,3.52,-5.112449721535484,0.0,-0.1740408415841443,-0.0217551051974851,0.0,0.0,-122.05657958984376,20.12939453125,2.2979736328125,0.1953125,-0.0207424163818359,-5.12237548828125,False
2025-03-27 17:52:36,-33.0,-260.0,-324.0,-8.0,-2.56,3.52,-4.655592512376927,0.043510210396036,-0.3045714727722526,0.0,0.0217551051989062,-0.021755105198018,-110.986328125,19.17724609375,2.8778076171875,0.26092529296875,-0.0333547592163085,-4.638671875,False
2025-03-27 17:52:36,-10.0,-263.0,-323.0,-7.68,-2.56,3.52,-5.242980352723237,-0.0217551051981956,-0.6308980507427009,-0.0217551051974851,0.0,0.0,-124.664306640625,23.22998046875,8.70361328125,0.67138671875,-0.0713825225830078,-5.2764892578125,False
2025-03-27 17:52:36,-30.0,-271.0,-331.0,-8.0,-2.56,3.2,-4.78612314356468,-0.043510210396036,-0.957224628712794,0.0,0.0,-0.021755105198018,-113.5101318359375,22.4853515625,13.3697509765625,0.995635986328125,-0.1238346099853515,-4.8248291015625,False
2025-03-27 17:52:36,-36.0,-276.0,-350.0,-8.0,-2.56,3.2,-4.459796565595298,-0.0652653155938765,-1.3705716274753144,0.0,0.0,0.0,-105.4443359375,22.2412109375,19.2108154296875,1.42974853515625,-0.1517057418823242,-4.53338623046875,False
2025-03-27 17:52:37,-32.0,-282.0,-358.0,-7.68,-2.56,3.2,-4.264000618812247,-0.1087755259902678,-1.9579594678219792,-0.0217551051974851,0.0217551051974851,0.021755105198018,-100.341796875,22.7783203125,27.874755859375,2.081298828125,-0.1902103424072265,-4.3670654296875,False
2025-03-27 17:52:37,-45.0,-285.0,-357.0,-8.0,-2.88,3.2,-3.872408725246146,-0.1740408415841443,-2.3930615717819848,0.0217551051974851,0.0,0.021755105198018,-90.679931640625,22.27783203125,34.9151611328125,2.535247802734375,-0.2499341964721679,-4.0191650390625,False
2025-03-27 17:52:37,-15.0,-284.0,-363.0,-7.68,-2.24,2.88,-3.937674040841444,-0.1957959467819847,-2.915184096534773,0.0,0.0217551051974851,-0.021755105198018,-91.7510986328125,23.93798828125,42.205810546875,3.098297119140625,-0.332951545715332,-4.0740966796875,False
2025-03-27 17:52:37,-27.0,-290.0,-373.0,-7.36,-1.92,2.88,-3.763633199257299,-0.2828163675744122,-3.785388304455495,-0.0217551051974851,0.0,0.0,-86.9720458984375,25.09765625,55.517578125,4.073333740234375,-0.4282236099243164,-3.985595703125,False
2025-03-27 17:52:37,-22.0,-284.0,-354.0,-7.36,-2.56,3.2,-3.2632657797037723,-0.3263265779704483,-4.8513884591585565,0.0,-0.0217551051974851,0.021755105198018,-74.3927001953125,24.64599609375,70.166015625,5.156707763671875,-0.532841682434082,-3.5797119140625,False
2025-03-27 17:52:37,-30.0,-288.0,-354.0,-7.04,-2.56,3.2,-3.089224938118207,-0.3915918935643248,-6.461266243811892,-0.0435102103949702,0.0,0.021755105198018,-69.036865234375,26.85546875,92.449951171875,6.87103271484375,-0.6961584091186523,-3.4881591796875,False
2025-03-27 17:52:37,-28.0,-294.0,-367.0,-7.36,-2.56,3.2,-2.6323677289610714,-0.4786123143563969,-7.483756188118917,0.0217551051974851,-0.0217551051974851,0.021755105198018,-57.12890625,27.34375,107.366943359375,7.910919189453125,-0.8098363876342773,-3.11737060546875,False
2025-03-27 17:52:37,-29.0,-293.0,-344.0,-7.04,-2.88,2.88,-2.219020730197485,-0.5438776299506287,-8.419225711633516,0.0,0.0,0.0,-46.0418701171875,28.271484375,120.794677734375,8.931732177734375,-0.9147882461547852,-2.74810791015625,False
2025-03-27 17:52:37,-23.0,-296.0,-377.0,-6.72,-2.56,3.2,-1.8709390470291964,-0.6526531559405413,-9.071878867574055,0.0435102103949702,0.0,0.0,-36.4166259765625,29.8095703125,131.378173828125,9.649658203125,-0.978684425354004,-2.4566650390625,False
2025-03-27 17:52:38,-23.0,-292.0,-367.0,-6.72,-2.56,3.2,-1.4575920482684523,-0.7396735767326135,-9.898572865099098,0.0,0.0,0.0,-25.0091552734375,31.591796875,143.7744140625,10.60638427734375,-1.063823699951172,-2.1209716796875,False
2025-03-27 17:52:38,-20.0,-296.0,-357.0,-6.4,-2.88,2.88,-0.8702042079207217,-0.8919593131189174,-10.485960705445407,-0.0217551051974851,0.0,0.0,-9.4085693359375,32.75146484375,154.4921875,11.3677978515625,-1.1262178421020508,-1.6021728515625,False
2025-03-27 17:52:38,-7.0,-285.0,-353.0,-6.08,-2.88,2.88,-0.5656327351488244,-1.0877552599009022,-10.311919863861265,0.0435102103978124,0.0,0.0,-0.8331298828125,34.53369140625,156.231689453125,11.32659912109375,-1.1071205139160156,-1.318359375,False
2025-03-27 17:52:38,-2.0,-287.0,-345.0,-6.4,-2.88,3.2,-0.2828163675744122,-1.348816522277474,-10.33367496905946,0.0217551052003273,0.0217551051989062,0.021755105198018,7.666015625,37.548828125,162.139892578125,11.635589599609377,-1.0919809341430664,-1.068115234375,False
2025-03-27 17:52:38,3.0,-283.0,-372.0,-6.08,-2.88,3.2,-0.0217551051974851,-1.6968982054454074,-10.09436881188126,0.0217551051974851,0.0,0.0,15.5670166015625,40.7958984375,166.656494140625,11.745452880859377,-1.114606857299805,-0.848388671875,False
2025-03-27 17:52:38,28.0,-290.0,-331.0,-6.08,-3.2,2.56,0.3480816831682887,-1.675143100247567,-10.137879022277296,0.0,0.0,0.0,25.1678466796875,41.4306640625,165.972900390625,11.7919921875,-1.1016368865966797,-0.50506591796875,False
2025-03-27 17:52:38,32.0,-277.0,-377.0,-6.08,-2.88,3.2,0.5438776299499182,-1.870939047029552,-9.20240949876252,0.0,0.0,0.0,30.11474609375,41.63818359375,158.14208984375,11.057281494140623,-1.0166645050048828,-0.27618408203125,False
2025-03-27 17:52:38,30.0,-271.0,-330.0,-5.76,-2.88,3.2,0.7831837871293601,-1.7839186262374795,-8.57151144801982,0.0,0.0,0.0,35.302734375,39.84375,147.540283203125,10.343170166015623,-0.9363174438476562,-0.00152587890625,False
2025-03-27 17:52:38,25.0,-286.0,-347.0,-6.08,-2.88,3.2,1.1312654702962277,-1.4575920482670313,-7.70130724009892,0.0,-0.0217551051974851,0.0,41.583251953125,34.2041015625,128.497314453125,9.149169921875,-0.8223533630371094,0.40130615234375,False
2025-03-27 17:52:38,25.0,-286.0,-326.0,-6.08,-2.88,2.88,1.4575920482670313,-1.0660001547027065,-7.0486540841585565,0.0,0.0217551051989062,0.0,47.2381591796875,28.11279296875,110.85205078125,8.109283447265625,-0.7056713104248047,0.8392333984375,False
2025-03-27 17:52:39,26.0,-291.0,-338.0,-6.08,-2.56,3.2,1.8491839418317115,-0.8702042079207217,-6.548286664603964,0.0,0.0217551051974851,0.0,54.974365234375,23.57177734375,99.774169921875,7.415008544921875,-0.637054443359375,1.27716064453125,False
2025-03-27 17:52:39,35.0,-282.0,-349.0,-5.76,-2.88,3.2,2.240775835396392,-0.6308980507423456,-5.8303681930693685,0.0,0.0,0.0,62.0361328125,17.529296875,85.150146484375,6.45904541015625,-0.5542755126953125,1.7181396484375,False
2025-03-27 17:52:39,31.0,-265.0,-316.0,-5.76,-2.56,2.88,2.828163675742701,-0.5873878403466648,-5.417021194306937,0.0,0.0,0.0,74.5941162109375,13.330078125,78.84521484375,6.0028076171875,-0.5096912384033203,2.33612060546875,False
2025-03-27 17:52:39,27.0,-272.0,-312.0,-6.4,-2.88,2.88,3.1980004641084747,-0.6526531559405413,-4.93840887995054,-0.0217551051974851,0.0,-0.021755105198018,82.4432373046875,11.0595703125,74.365234375,5.611419677734375,-0.4928112030029297,2.73895263671875,False
2025-03-27 17:52:39,35.0,-279.0,-338.0,-6.4,-2.88,3.2,3.894163830445052,-0.7831837871286496,-4.438041460396036,0.0,0.0,0.0,97.75390625,7.6171875,71.075439453125,5.2215576171875,-0.4350662231445312,3.45916748046875,False
2025-03-27 17:52:39,39.0,-277.0,-342.0,-5.76,-2.56,3.52,4.198735303216949,-1.0660001547030618,-3.981184251237657,0.0217551051974851,0.0217551051974851,0.0,104.8126220703125,8.0322265625,71.81396484375,5.027008056640625,-0.4093647003173828,3.79638671875,False
2025-03-27 17:52:39,35.0,-283.0,-312.0,-5.76,-2.56,2.88,4.720857827970804,-1.0660001547030618,-4.242245513613874,0.0,0.0217551051974851,0.021755105198018,116.912841796875,8.251953125,74.7314453125,5.31005859375,-0.4078388214111328,4.28466796875,False
2025-03-27 17:52:39,32.0,-283.0,-338.0,-5.76,-3.2,3.2,5.003674195543795,-1.044245049504866,-3.872408725247478,0.0217551051974851,-0.0217551051974851,0.0,122.3785400390625,6.591796875,69.561767578125,4.89654541015625,-0.4018783569335937,4.56390380859375,False
2025-03-27 17:52:39,33.0,-280.0,-317.0,-6.08,-2.56,3.2,5.155959931930454,-1.1747756806929743,-4.372776144801982,0.0,0.0,0.0,126.922607421875,11.48681640625,78.228759765625,5.550384521484375,-0.4452228546142578,4.67529296875,False
2025-03-27 17:52:39,34.0,-280.0,-346.0,-6.08,-2.88,3.2,5.504041615098743,-1.283551206682887,-4.133469987623784,0.0217551051974851,0.0,-0.021755105198018,134.4879150390625,11.81640625,77.545166015625,5.3985595703125,-0.4498004913330078,5.03692626953125,False
2025-03-27 17:52:40,30.0,-269.0,-318.0,-5.44,-2.56,3.2,5.656327351485402,-1.4575920482673863,-4.111714882425765,0.0217551051974851,0.0217551051989062,0.0,138.19122314453125,14.95361328125,80.908203125,5.55267333984375,-0.4312038421630859,5.18951416015625,False
2025-03-27 17:52:40,52.0,-274.0,-304.0,-5.44,-2.88,2.56,5.656327351485402,-1.4575920482673863,-4.568572091584144,0.0217551051974851,-0.0217551051989062,-0.021755105198018,138.4613037109375,19.76318359375,85.8642578125,6.009674072265625,-0.4916191101074219,5.10406494140625,False
2025-03-27 17:52:40,50.0,-269.0,-343.0,-5.44,-3.2,2.56,5.591062035890104,-1.522857363861263,-4.176980198019775,0.0,0.0,0.0,136.24267578125,20.8251953125,82.476806640625,5.706024169921875,-0.4370689392089844,5.07965087890625,False
2025-03-27 17:52:40,20.0,-279.0,-310.0,-5.76,-2.56,3.2,5.982653929456205,-1.5663675742572991,-4.655592512376261,0.0217551052003273,0.0,0.0,145.391845703125,25.06103515625,88.53759765625,6.208038330078125,-0.4694938659667969,5.42144775390625,False
2025-03-27 17:52:40,23.0,-272.0,-318.0,-5.44,-2.88,2.88,6.526531559406124,-1.5011022586630671,-4.525061881188153,-0.0217551051974851,0.0,-0.021755105198018,156.62994384765625,24.5849609375,85.2783203125,6.05621337890625,-0.4737377166748047,5.97686767578125,False
2025-03-27 17:52:40,34.0,-273.0,-319.0,-5.12,-2.56,3.2,6.744082611385238,-1.240040996287206,-4.264000618811892,-0.0217551052003273,0.0,0.021755105198018,159.7747802734375,22.10693359375,76.11083984375,5.535125732421875,-0.3864765167236328,6.231689453125,False
2025-03-27 17:52:40,43.0,-271.0,-299.0,-5.76,-2.88,2.56,6.961633663367195,-1.240040996287206,-4.351021039603964,0.0,0.0217551051989062,0.0,164.1754150390625,24.6337890625,76.715087890625,5.600738525390625,-0.4045009613037109,6.463623046875,False
2025-03-27 17:52:40,50.0,-275.0,-325.0,-5.44,-2.88,2.88,6.874613242574412,-0.8702042079207217,-3.8724087252475226,0.0,-0.0217551051989062,0.021755105198018,159.92889404296875,20.20263671875,62.835693359375,4.750823974609375,-0.323486328125,6.4056396484375,False
2025-03-27 17:52:40,51.0,-266.0,-288.0,-6.08,-2.88,2.56,6.852858137376927,-0.8702042079207217,-3.676612778465349,0.0,0.0,0.0,158.65707397460938,21.484375,60.38818359375,4.55474853515625,-0.3243923187255859,6.4239501953125,False
2025-03-27 17:52:40,37.0,-271.0,-305.0,-5.76,-2.88,2.88,7.287960241336577,-0.3915918935643248,-3.328531095297038,-0.0217551051974851,0.0,0.0,166.17431640625,15.41748046875,45.8251953125,3.74908447265625,-0.2645492553710937,6.93511962890625,False
2025-03-27 17:52:41,32.0,-275.0,-286.0,-5.76,-2.88,2.88,7.374980662127939,-0.19579594678234,-2.849918780940591,-0.0435102103949702,0.0,0.0,166.63780212402344,12.39013671875,36.102294921875,3.09600830078125,-0.2165794372558593,7.08160400390625,False
2025-03-27 17:52:41,20.0,-273.0,-310.0,-6.08,-2.88,2.56,7.85359297648398,-0.0217551051978404,-1.7186533106435642,0.0,0.0,0.0,175.22621154785156,4.87060546875,19.561767578125,1.74407958984375,-0.1213550567626953,7.68890380859375,False
2025-03-27 17:52:41,39.0,-269.0,-314.0,-6.08,-2.88,2.88,7.723062345297649,0.0217551051981956,-1.0007348391089117,0.0217551051974851,0.0,-0.021755105198018,173.28643798828125,2.6611328125,11.1328125,1.003265380859375,-0.0695228576660156,7.71484375,False
2025-03-27 17:52:41,40.0,-253.0,-317.0,-5.76,-2.88,2.88,7.875348081682887,0.0217551051978404,-0.195795946782179,0.0,0.0,-0.021755105198018,173.8490104675293,-0.5126953125,1.690673828125,0.1739501953125,-0.0337123870849609,7.861328125,False
2025-03-27 17:52:41,49.0,-228.0,-314.0,-5.76,-2.88,2.56,8.00587871287064,0.0217551051978404,-0.1087755259901013,-0.0217551051974851,-0.0217551051974851,-0.021755105198018,176.60069465637207,1.3916015625,0.76904296875,0.109100341796875,-0.0315666198730468,7.977294921875,False
2025-03-27 17:52:41,33.0,-213.0,-314.0,-5.76,-2.88,2.88,7.96236850247567,0.0652653155938765,-0.0652653155940596,-0.0217551051974851,0.0,0.021755105198018,175.55274963378906,2.99072265625,-0.6591796875,0.022125244140625,0.0201225280761718,7.95745849609375,False
2025-03-27 17:52:41,35.0,-211.0,-312.0,-5.76,-2.88,3.2,8.092899133663423,0.0652653155938765,0.0,0.0,0.0,0.0,178.33251953125,5.1025390625,-1.42822265625,-0.06561279296875,0.0045299530029296,8.099365234375,False
2025-03-27 17:52:41,40.0,-206.0,-299.0,-6.08,-2.88,2.56,7.766572555692619,0.0652653155942317,0.0217551051980208,0.0,0.0217551051974851,0.0,171.0918426513672,7.080078125,-1.666259765625,-0.08697509765625,0.0084877014160156,7.7972412109375,False
2025-03-27 17:52:41,34.0,-205.0,-248.0,-6.08,-2.88,3.2,7.853592976485403,0.1087755259902678,0.0435102103960388,-0.0217551051974851,-0.0217551051974851,0.0,172.7813720703125,8.9111328125,-2.81982421875,-0.1312255859375,0.0066280364990234,7.84454345703125,False
2025-03-27 17:52:41,39.0,-204.0,-206.0,-5.76,-2.56,2.88,7.636041924504866,0.1740408415841443,0.4133469987623761,-0.0217551051974851,0.0,-0.021755105198018,167.74826049804688,7.65380859375,-8.343505859375,-0.566864013671875,0.0176429748535156,7.6934814453125,False
2025-03-27 17:52:42,32.0,-198.0,-201.0,-6.4,-2.88,2.56,7.61428681930596,0.2610612623765718,0.8484491027227717,0.0,-0.0435102103963913,-0.021755105198018,166.98989868164062,5.8349609375,-15.12451171875,-1.11236572265625,0.0505924224853515,7.67974853515625,False
2025-03-27 17:52:42,32.0,-196.0,-201.0,-6.08,-2.88,3.2,7.353225556930454,0.3480816831682887,1.1530205754950498,0.0,0.0,0.021755105198018,161.28768920898438,4.38232421875,-20.4345703125,-1.503753662109375,0.1263618469238281,7.49359130859375,False
2025-03-27 17:52:42,24.0,-194.0,-188.0,-6.08,-2.56,2.88,6.939878558168289,0.4568572091585565,1.305306311881188,0.0217551051974851,0.0,-0.021755105198018,152.2674560546875,3.02734375,-24.591064453125,-1.788330078125,0.1033782958984375,7.11212158203125,False
2025-03-27 17:52:42,19.0,-194.0,-181.0,-6.08,-2.88,2.88,6.765837716584144,0.5438776299506287,1.4793471534653435,0.0,0.0,0.0,148.5687255859375,2.30712890625,-28.436279296875,-2.027130126953125,0.1424312591552734,6.95648193359375,False
2025-03-27 17:52:42,38.0,-195.0,-187.0,-6.08,-2.24,3.2,6.308980507425588,0.7179184715347731,1.6751431002475226,0.0,-0.0217551051974851,0.0,138.67340087890625,-0.6591796875,-34.503173828125,-2.397918701171875,0.1665115356445312,6.51397705078125,False
2025-03-27 17:52:42,47.0,-192.0,-197.0,-6.08,-2.56,2.88,6.134939665841444,0.7179184715344178,2.023224783415845,0.0,-0.0217551051974851,0.0,135.09979248046875,-1.806640625,-38.470458984375,-2.74658203125,0.1922130584716797,6.37054443359375,False
2025-03-27 17:52:42,39.0,-194.0,-185.0,-6.4,-2.56,2.56,5.7433477722781845,0.7614286819304539,2.3495513613861374,0.0,0.0,0.0,126.85394287109376,-4.13818359375,-43.194580078125,-3.116607666015625,0.2228736877441406,6.03485107421875,False
2025-03-27 17:52:42,33.0,-187.0,-200.0,-6.72,-2.88,2.24,5.090694616336577,0.80493889232649,3.3720413056930854,-0.0217551051974851,0.0,0.0,113.079833984375,-11.75537109375,-55.780029296875,-4.16259765625,0.3004074096679687,5.47943115234375,False
2025-03-27 17:52:42,21.0,-188.0,-198.0,-7.04,-2.56,2.88,4.829633353961071,0.8484491027228813,3.567837252475248,0.0,-0.0217551051974851,-0.021755105198018,107.73773193359376,-13.1103515625,-59.210205078125,-4.424285888671875,0.2975940704345703,5.2215576171875,False
2025-03-27 17:52:42,12.0,-195.0,-193.0,-6.72,-2.56,2.56,4.807878248762165,1.1095103650990978,4.024694461633649,0.0,0.0,0.0,107.989501953125,-17.63916015625,-70.440673828125,-5.1422119140625,0.3786563873291015,5.2825927734375,False
2025-03-27 17:52:43,31.0,-200.0,-184.0,-7.04,-2.88,2.88,4.416286355197485,1.3053063118810826,3.7853883044554495,0.0,0.0,0.0,99.810791015625,-18.75,-72.357177734375,-5.09796142578125,0.3796100616455078,4.8828125,False
2025-03-27 17:52:43,28.0,-186.0,-202.0,-7.04,-2.24,2.56,3.785388304456205,1.4140818378713504,4.61208230198018,0.0217551051974851,0.0,0.0,86.676025390625,-26.3427734375,-84.637451171875,-6.055450439453125,0.4561424255371094,4.33502197265625,False
2025-03-27 17:52:43,39.0,-193.0,-194.0,-7.36,-2.24,2.88,3.4155515160890104,1.6316328898511756,4.546816986386126,0.0,0.0,0.0,79.0283203125,-28.7353515625,-89.111328125,-6.185150146484375,0.4719734191894531,3.97186279296875,False
2025-03-27 17:52:43,24.0,-186.0,-215.0,-7.36,-2.24,2.56,3.1327351485145982,1.9579594678219792,5.98265392945545,0.0,0.0,-0.021755105198018,74.06005859375,-40.31982421875,-113.57421875,-7.94830322265625,0.5936145782470703,3.84368896484375,False
2025-03-27 17:52:43,28.0,-195.0,-198.0,-7.36,-2.24,2.88,2.610612623762165,2.023224783415856,6.004409034653513,0.0435102103978124,-0.0217551051974851,0.0,62.823486328125,-42.12646484375,-115.985107421875,-8.0780029296875,0.629425048828125,3.30047607421875,False
2025-03-27 17:52:43,15.0,-186.0,-197.0,-7.68,-2.56,3.2,2.3930615717830506,1.9579594678219792,6.200204981435586,0.0435102103978124,0.0,0.0,58.3343505859375,-41.85791015625,-117.437744140625,-8.206939697265625,0.6541728973388672,3.106689453125,False
2025-03-27 17:52:43,20.0,-190.0,-189.0,-7.68,-2.24,2.88,1.9797145730194643,2.1320003094061235,6.504776454207928,0.0,0.0,0.0,49.62158203125,-45.49560546875,-125.579833984375,-8.640289306640625,0.6998538970947266,2.72064208984375,False
2025-03-27 17:52:43,24.0,-200.0,-193.0,-7.68,-2.24,2.88,1.6533879950486607,2.480081992574057,6.657062190594054,-0.0217551052003273,0.0,0.0,42.8802490234375,-49.365234375,-136.114501953125,-9.116363525390623,0.7519245147705078,2.42156982421875,False
2025-03-27 17:52:43,27.0,-202.0,-196.0,-8.0,-1.92,2.88,1.3053063118817931,2.5888575185643248,6.678817295792072,-0.0435102103949702,0.0,-0.021755105198018,35.2264404296875,-50.25634765625,-139.617919921875,-9.22393798828125,0.7527351379394531,2.07672119140625,False
2025-03-27 17:52:43,30.0,-195.0,-197.0,-7.68,-2.24,2.88,0.9137144183171132,2.915184096534773,6.635307085396036,-0.0435102103949702,0.0,0.0,26.66015625,-53.1982421875,-147.418212890625,-9.503936767578123,0.8104801177978516,1.68914794921875,False
2025-03-27 17:52:44,25.0,-207.0,-204.0,-7.68,-2.24,2.88,0.522122524752433,2.958694306930809,7.200939820544683,0.0217551051974851,0.0,0.0,17.974853515625,-55.94482421875,-156.268310546875,-10.17608642578125,0.8822917938232422,1.336669921875,False
2025-03-27 17:52:44,19.0,-200.0,-188.0,-7.68,-2.24,2.56,0.261061262376927,3.154490253712794,6.939878558168466,-0.0217551051974851,0.0217551051974851,0.0,11.9598388671875,-55.5908203125,-158.38623046875,-10.063934326171877,0.8941173553466797,1.07269287109375,False
2025-03-27 17:52:44,17.0,-207.0,-192.0,-7.68,-2.24,2.88,0.1087755259902678,3.241510674504866,6.918123452970448,-0.0435102103978124,0.0217551051974851,0.0,8.3221435546875,-54.6142578125,-160.919189453125,-10.105133056640623,0.9125232696533204,0.9063720703125,False
2025-03-27 17:52:44,14.0,-204.0,-206.0,-7.36,-2.24,2.88,0.0217551051989062,3.2632657797030618,7.113919399752433,-0.0435102103978124,-0.0217551051989062,0.0,6.0791015625,-53.50341796875,-164.642333984375,-10.321044921875,0.931406021118164,0.77972412109375,False
2025-03-27 17:52:44,-8.0,-203.0,-194.0,-7.36,-1.92,2.56,-0.0435102103963913,3.39379641089117,6.70057240099009,-0.0435102103978124,0.0217551051974851,-0.021755105198018,4.345703125,-50.9521484375,-163.348388671875,-10.034942626953123,0.914907455444336,0.7232666015625,False
2025-03-27 17:52:44,-20.0,-201.0,-201.0,-7.04,-2.24,2.88,-0.1957959467816294,3.350286200495134,6.591796875,-0.0435102103949702,0.0,0.021755105198018,0.4119873046875,-48.62060546875,-161.651611328125,-9.88006591796875,0.9458541870117188,0.506591796875,False
2025-03-27 17:52:44,-21.0,-203.0,-202.0,-7.04,-2.24,2.56,-0.39159189356468,3.3720413056929743,6.37424582301982,0.0217551051974851,0.0,0.0,-4.4952392578125,-46.83837890625,-160.24169921875,-9.748077392578123,0.925922393798828,0.29296875,False
2025-03-27 17:52:44,-23.0,-212.0,-215.0,-7.04,-2.24,2.88,-0.5656327351488244,3.3720413056933296,6.265470297029729,-0.0217551051974851,0.0217551051974851,0.021755105198018,-8.880615234375,-45.068359375,-159.33837890625,-9.592437744140623,0.951862335205078,0.103759765625,False
2025-03-27 17:52:44,-25.0,-208.0,-229.0,-7.04,-2.24,2.24,-0.8049388923268452,3.3720413056933296,6.113184560643603,0.0217551051974851,0.0,0.0,-14.898681640625,-43.78662109375,-158.0322265625,-9.48333740234375,0.9231805801391602,-0.1708984375,False
2025-03-27 17:52:44,-17.0,-208.0,-233.0,-7.04,-1.92,2.24,-1.1095103650987426,3.154490253712794,5.830368193069191,0.0217551052003273,0.0,-0.021755105198018,-22.6837158203125,-40.8447265625,-149.7314453125,-8.98284912109375,0.8656501770019531,-0.5126953125,False
2025-03-27 17:52:45,-20.0,-202.0,-240.0,-6.72,-1.92,1.92,-1.544612469059814,3.110980043316758,5.569306930693152,0.0217551051974851,0.0,0.021755105198018,-33.4014892578125,-40.34423828125,-145.73974609375,-8.6761474609375,0.8826971054077148,-1.0009765625,False
2025-03-27 17:52:45,-32.0,-211.0,-234.0,-6.72,-2.24,3.2,-1.8709390470291964,3.0239596225246856,5.221225247524686,0.0217551051974851,0.0,0.0,-41.6290283203125,-38.9404296875,-139.532470703125,-8.24127197265625,0.8277416229248047,-1.35650634765625,False
2025-03-27 17:52:45,-32.0,-201.0,-210.0,-7.04,-1.92,2.56,-2.306041150990268,2.806408570544505,4.459796565594054,0.0217551052003273,0.0,0.0,-52.5970458984375,-36.75537109375,-124.822998046875,-7.26470947265625,0.7357358932495117,-1.86309814453125,False
2025-03-27 17:52:45,-32.0,-207.0,-240.0,-6.72,-2.24,2.56,-2.3930615717830506,2.784653465346309,4.176980198019464,0.0,0.0217551051974851,-0.021755105198018,-55.047607421875,-35.0830078125,-120.831298828125,-6.937408447265625,0.6999492645263672,-1.94854736328125,False
2025-03-27 17:52:45,-39.0,-204.0,-204.0,-6.72,-2.24,2.56,-2.610612623762165,2.480081992574412,3.00220451732649,-0.0217551051974851,-0.0217551051974851,-0.021755105198018,-60.9527587890625,-31.3232421875,-98.516845703125,-5.44281005859375,0.5290031433105469,-2.29949951171875,False
2025-03-27 17:52:45,-34.0,-210.0,-237.0,-6.72,-2.24,2.56,-2.980449412127939,2.5235922029704483,3.132735148514953,0.0,0.0217551051974851,0.0,-70.013427734375,-32.38525390625,-101.4251708984375,-5.63507080078125,0.5932331085205078,-2.63671875,False
2025-03-27 17:52:45,-32.0,-217.0,-229.0,-6.72,-2.24,2.88,-3.219755569307381,2.306041150990268,2.741143254950273,-0.0217551051974851,-0.0217551051974851,0.0,-76.2847900390625,-30.6640625,-91.168212890625,-5.0079345703125,0.5083322525024414,-2.9541015625,False
2025-03-27 17:52:45,-39.0,-205.0,-233.0,-6.4,-1.92,2.56,-3.5243270420792783,2.044979888613696,2.741143254950273,0.0,0.0217551051974851,-0.021755105198018,-83.9324951171875,-29.57763671875,-84.9578857421875,-4.766845703125,0.490427017211914,-3.228759765625,False
2025-03-27 17:52:45,-33.0,-193.0,-234.0,-6.08,-2.24,2.56,-3.741878094058393,1.8491839418317115,2.5888575185643248,0.0,0.0217551051974851,-0.021755105198018,-89.55230712890625,-28.271484375,-78.2989501953125,-4.419708251953125,0.4564762115478515,-3.4698486328125,False
2025-03-27 17:52:45,-38.0,-213.0,-214.0,-6.4,-2.24,2.88,-3.872408725247567,1.7621635210396391,2.240775835396036,0.0217551051974851,0.0,0.0,-93.072509765625,-27.001953125,-71.8170166015625,-4.00848388671875,0.4215717315673828,-3.656005859375,False
2025-03-27 17:52:46,-33.0,-226.0,-234.0,-6.08,-2.56,2.56,-4.046449566831711,1.5011022586634226,2.1755105198018043,0.0,0.0217551051974851,0.021755105198018,-97.5921630859375,-25.2685546875,-64.599609375,-3.659820556640625,0.4165410995483398,-3.84368896484375,False
2025-03-27 17:52:46,-31.0,-206.0,-245.0,-6.08,-2.24,2.24,-4.546816986386659,1.2617961014854018,1.957959467821624,0.0,0.0217551051974851,0.021755105198018,-110.04638671875,-24.8291015625,-55.9906005859375,-3.204345703125,0.3695964813232422,-4.37164306640625,False
2025-03-27 17:52:46,-52.0,-206.0,-224.0,-6.4,-2.24,2.56,-4.568572091584144,1.1747756806933296,1.7404084158417987,-0.0217551051974851,-0.0217551051974851,-0.021755105198018,-110.9344482421875,-23.2177734375,-51.0345458984375,-2.883148193359375,0.275731086730957,-4.42352294921875,False
2025-03-27 17:52:46,-35.0,-207.0,-225.0,-6.08,-2.24,2.56,-4.720857827970804,0.8919593131189174,1.6968982054454074,0.0217551051974851,0.0,0.0,-114.88037109375,-21.2890625,-43.6981201171875,-2.599334716796875,0.2766370773315429,-4.5867919921875,False
2025-03-27 17:52:46,-21.0,-202.0,-237.0,-6.08,-2.24,2.56,-5.699837561881793,0.848449102722526,1.7621635210396391,-0.0217551051974851,0.0,0.0,-139.019775390625,-22.9248046875,-43.37158203125,-2.57720947265625,0.2749919891357422,-5.56793212890625,False
2025-03-27 17:52:46,-42.0,-220.0,-242.0,-6.08,-2.24,2.56,-5.591062035890104,0.7614286819304539,1.3923267326731548,0.0,0.0,-0.021755105198018,-136.61041259765625,-20.6298828125,-36.5478515625,-2.1453857421875,0.2114057540893554,-5.47027587890625,False
2025-03-27 17:52:46,-46.0,-220.0,-232.0,-5.44,-2.56,2.88,-5.547551825495134,0.7396735767326135,1.0660001547027065,-0.0217551051974851,0.0,0.043510210396036,-135.7757568359375,-18.8232421875,-31.7626953125,-1.77459716796875,0.2257108688354492,-5.48248291015625,True
2025-03-27 17:52:46,-31.0,-219.0,-227.0,-5.76,-2.24,2.88,-5.786857982673155,0.7614286819308091,0.6308980507427009,-0.0217551051974851,0.0,0.0,-141.851806640625,-17.8955078125,-26.6937255859375,-1.3641357421875,0.1463174819946289,-5.718994140625,False
2025-03-27 17:52:46,-33.0,-219.0,-224.0,-5.76,-2.56,2.56,-6.308980507425588,0.7614286819304539,0.1740408415841443,0.0,0.0,0.0,-154.86831665039062,-17.37060546875,-20.8709716796875,-0.931549072265625,0.099945068359375,-6.26220703125,False
2025-03-27 17:52:46,-53.0,-214.0,-222.0,-5.76,-2.88,2.56,-6.483021349009732,0.6526531559408966,0.0870204207920721,0.0217551051974851,-0.0217551051974851,0.021755105198018,-159.37728881835938,-15.52734375,-17.15087890625,-0.75836181640625,0.086522102355957,-6.475830078125,False
2025-03-27 17:52:47,-53.0,-213.0,-223.0,-5.44,-2.56,2.56,-6.591796875,0.4786123143563969,0.0652653155938765,-0.0217551051974851,0.0,0.0,-162.16354370117188,-13.14697265625,-12.4969482421875,-0.519561767578125,0.0558376312255859,-6.56585693359375,False
2025-03-27 17:52:47,-55.0,-212.0,-222.0,-5.76,-2.56,2.56,-6.700572400990268,0.2393061571783761,0.043510210396036,0.0,0.0,-0.021755105198018,-164.93911743164062,-10.41259765625,-6.4178466796875,-0.28228759765625,0.0125885009765625,-6.6741943359375,False
2025-03-27 17:52:47,-36.0,-213.0,-224.0,-5.44,-2.24,1.92,-6.700572400990268,0.1305306311881082,0.0217551051978404,0.0,-0.0217551051974851,0.0,-165.06805419921875,-7.9345703125,-3.4759521484375,-0.152587890625,0.003671646118164,-6.7108154296875,False
2025-03-27 17:52:47,-32.0,-214.0,-226.0,-5.44,-2.56,2.56,-6.896368347773318,0.043510210396036,0.0217551051978404,0.0,0.0217551051989062,0.021755105198018,-169.86770629882812,-5.712890625,-1.3458251953125,-0.06256103515625,0.0372886657714843,-6.8878173828125,False
2025-03-27 17:52:47,-30.0,-214.0,-227.0,-5.76,-2.56,2.56,-7.353225556930454,0.0,0.0217551051981956,0.0,0.0,0.021755105198018,-181.20880126953125,-3.57666015625,-0.28076171875,-0.0213623046875,0.020003318786621,-7.36541748046875,False
2025-03-27 17:52:47,-48.0,-216.0,-230.0,-5.44,-2.56,2.24,-7.41849087252433,0.0217551051978404,-0.0217551051978404,0.0,0.0,0.043510210396036,-182.85694122314453,-1.37939453125,-0.2532958984375,0.00152587890625,0.0353336334228515,-7.44476318359375,True
2025-03-27 17:52:47,-50.0,-213.0,-233.0,-5.44,-2.24,2.56,-7.657797029703772,0.0217551051981956,-0.0217551051981956,0.0217551051974851,0.0217551051974851,0.021755105198018,-188.71912956237796,1.025390625,-0.311279296875,-0.01983642578125,0.0326395034790039,-7.6507568359375,False
2025-03-27 17:52:47,-33.0,-219.0,-240.0,-5.44,-2.56,2.56,-7.505511293317113,0.0,0.0,0.0217551051974851,-0.0217551051989062,0.0,-185.00518798828125,3.5400390625,-0.0579833984375,-0.02288818359375,-0.0102996826171875,-7.5225830078125,False
2025-03-27 17:52:47,-51.0,-222.0,-243.0,-5.44,-2.56,2.24,-7.614286819307381,0.0,0.043510210396036,0.0,0.0,0.0,-187.5823974609375,6.0546875,-0.5615234375,-0.043487548828125,0.0046491622924804,-7.61260986328125,False
2025-03-27 17:52:47,-38.0,-226.0,-247.0,-5.44,-2.56,2.88,-7.549021503712083,0.0,-0.0217551051978404,0.0,-0.0217551051989062,-0.021755105198018,-185.90164184570312,8.7890625,0.28076171875,0.01983642578125,-0.0326156616210937,-7.55462646484375,False
2025-03-27 17:52:48,-33.0,-229.0,-251.0,-5.76,-2.56,2.88,-7.679552134901257,0.0217551051981956,0.043510210396036,0.0,-0.0217551051974851,0.0,-189.00070190429688,11.328125,-1.0955810546875,-0.066375732421875,-0.005650520324707,-7.69500732421875,False
2025-03-27 17:52:48,-26.0,-233.0,-259.0,-5.44,-2.56,2.88,-7.788327660891525,0.0,0.0,0.0217551051974851,0.0217551051974851,0.0,-191.40853881835935,14.1357421875,-0.054931640625,-0.020599365234375,0.0149488449096679,-7.769775390625,False
2025-03-27 17:52:48,-50.0,-240.0,-264.0,-5.44,-2.88,2.56,-7.41849087252433,0.0,-0.0652653155942317,0.0,-0.0217551051974851,0.0,-182.1983337402344,15.8935546875,0.8392333984375,0.0640869140625,-0.0196218490600585,-7.43865966796875,False
2025-03-27 17:52:48,-32.0,-247.0,-271.0,-5.44,-2.56,2.88,-7.549021503713504,0.0,0.0,0.0,0.0,-0.021755105198018,-185.14251708984372,18.56689453125,0.0,-0.000762939453125,-0.0176668167114257,-7.53631591796875,False
2025-03-27 17:52:48,-39.0,-246.0,-279.0,-5.44,-2.88,2.24,-7.113919399752433,-0.0217551051981956,0.0217551051981956,0.0,0.0,0.021755105198018,-174.20806884765625,19.8486328125,0.2532958984375,0.000762939453125,0.0176668167114257,-7.1258544921875,False
2025-03-27 17:52:48,-31.0,-254.0,-288.0,-5.76,-2.24,2.56,-7.092164294554948,-0.0217551051981956,0.0,0.0,0.0217551051989062,-0.021755105198018,-173.37493896484375,21.9482421875,0.5340576171875,0.02288818359375,-0.0073671340942382,-7.06329345703125,False
2025-03-27 17:52:48,-28.0,-259.0,-315.0,-5.44,-2.88,2.24,-7.005143873762165,-0.0217551051981956,-0.043510210396036,0.0,0.0,0.0,-170.99761962890625,23.828125,1.0955810546875,0.06561279296875,-0.0069856643676757,-7.00836181640625,False
2025-03-27 17:52:48,-31.0,-264.0,-343.0,-5.12,-2.88,2.56,-6.852858137375506,-0.0217551051981956,-0.2175510519801804,-0.0435102103978124,0.0,-0.021755105198018,-166.9677734375,25.390625,3.4515380859375,0.28076171875,-0.047922134399414,-6.854248046875,False
2025-03-27 17:52:48,-45.0,-274.0,-354.0,-5.44,-2.56,2.56,-7.135674504951339,-0.043510210396036,-0.4786123143567522,0.0,0.0,0.0,-173.49090576171875,28.62548828125,7.232666015625,0.52032470703125,-0.055861473083496,-7.1624755859375,False
2025-03-27 17:52:48,-50.0,-284.0,-360.0,-5.12,-2.88,2.24,-7.744817450495134,-0.0652653155942317,-0.6744082611383817,0.0217551052003273,0.0435102103963913,0.021755105198018,-187.76702880859372,33.58154296875,10.2325439453125,0.717926025390625,-0.0339031219482421,-7.757568359375,False
2025-03-27 17:52:49,-16.0,-287.0,-362.0,-5.76,-2.56,2.56,-6.809347926980536,-0.1740408415841443,-0.7179184715347731,0.0217551051974851,0.0217551051989062,0.0,-164.5355224609375,32.2265625,13.4521484375,0.867462158203125,-0.080418586730957,-6.83441162109375,False
2025-03-27 17:52:49,25.0,-291.0,-361.0,-5.44,-2.24,2.56,-1.5228573638623288,0.0,-0.043510210396036,0.0,0.0,0.021755105198018,-36.810302734375,7.2998046875,0.5615234375,0.043487548828125,0.0130653381347656,-1.5380859375,False
